Name,Password,Id,X,Y
Rider001,24y2ok,1,-158.195,71.9595
Rider002,9zsvop,2,-98.1662,73.0068
Rider003,kx7nx3,3,-25.6967,-27.8181
Rider004,tzqrnk,4,-75.3951,67.0266
Rider005,1jj6ce,5,-98.3698,87.0626
Rider006,xwplso,6,105.411,39.9157
Rider007,d1qt7g,7,96.2263,17.6353
Rider008,kk3lxw,8,165.208,68.0785
Rider009,rk701s,9,-175.443,24.8814
Rider010,3n3711,10,147.699,-76.7651
Rider011,xmj8br,11,-14.1926,-13.645
Rider012,3q55rx,12,-58.7763,-76.7695
Rider013,h3ih02,13,-20.8338,42.6053
Rider014,vf9jl2,14,82.9533,-39.4925
Rider015,unnmnd,15,39.341,-11.2735
Rider016,98kbjy,16,-108.503,7.86209
Rider017,6udnmu,17,-59.8534,-77.3289
Rider018,6ftd8u,18,101.926,-0.0509286
Rider019,mdo61m,19,108.814,56.9753
Rider020,3l4a9q,20,-104.892,83.2868
Rider021,arpqid,21,119.462,-21.8762
Rider022,fffmho,22,-103.045,-31.4487
Rider023,pqcgh8,23,178.036,83.2056
Rider024,ekl8lu,24,-68.3701,76.2502
Rider025,jzuvvt,25,-76.7772,43.8927
Rider026,82xvwy,26,69.9937,25.284
Rider027,s3fu0z,27,22.9839,27.1571
Rider028,atmn9l,28,-73.2539,-74.9122
Rider029,91q8t6,29,-88.9003,-36.2925
Rider030,bmhx0m,30,76.6831,-4.92223
Rider031,y3su1j,31,106.222,-88.0641
Rider032,9slvp2,32,-159.457,26.2823
Rider033,czfx1w,33,-71.6668,-75.8923
Rider034,dj1yw5,34,-72.7719,-0.14053
Rider035,uki8uc,35,-116.21,-19.5913
Rider036,5aw087,36,-111.114,47.2717
Rider037,ud990r,37,-104.923,-45.7804
Rider038,lxnc3r,38,99.8028,-11.3103
Rider039,a8snz8,39,-179.811,47.1506
Rider040,i48w34,40,-164.87,31.5989
Rider041,a1amwx,41,179.44,-4.37376
Rider042,qklfo3,42,144.556,-20.7497
Rider043,0nt0dv,43,-107.494,61.5433
Rider044,d4q9wj,44,66.2232,-22.9734
Rider045,90jl7y,45,-143.957,72.2149
Rider046,69h7qn,46,86.5411,-89.9232
Rider047,5dwvhy,47,162.081,-61.95
Rider048,ty5aq0,48,51.058,48.711
Rider049,v2al0p,49,21.8501,-12.1568
Rider050,gj07yn,50,-149.122,-59.7031
Rider051,pbwry6,51,143.084,-10.7936
Rider052,b7v3q3,52,165.76,-5.02165
Rider053,0ouml9,53,-146.598,-34.3495
Rider054,lp3430,54,13.5086,-36.6456
Rider055,ro3lj1,55,133.914,19.6016
Rider056,goqb34,56,55.022,85.5275
Rider057,xt73eg,57,-56.819,60.018
Rider058,1otil7,58,144.736,-46.4138
Rider059,udoveq,59,31.7477,70.5039
Rider060,ba438h,60,-67.1602,30.4673
Rider061,evqrj5,61,-104.906,83.8725
Rider062,zxspce,62,-14.0406,-14.7652
Rider063,a9mahr,63,110.716,-71.2651
Rider064,fa44bq,64,110.818,-7.28015
Rider065,2u0lp3,65,48.9732,19.2337
Rider066,8qrakh,66,123.981,11.8652
Rider067,h70yqs,67,-59.2112,13.1738
Rider068,eb4o5t,68,80.9234,9.2412
Rider069,0d00ga,69,-88.4727,-24.8975
Rider070,8nt5ke,70,-78.7301,83.6138
Rider071,al0rd1,71,146.703,-60.4343
Rider072,luibfu,72,-121.452,25.5892
Rider073,ck7ej9,73,6.08414,57.1115
Rider074,wwm6qk,74,76.7644,39.107
Rider075,n5vx2i,75,154.909,61.0005
Rider076,qp9dei,76,134.374,13.6787
Rider077,ovvt77,77,-85.1541,-82.2915
Rider078,9l1shr,78,151.156,27.3093
Rider079,olcryh,79,113.279,-44.4755
Rider080,m5d0ba,80,-124.777,88.6578
Rider081,6wd7yy,81,48.1646,46.5789
Rider082,yz75nr,82,74.2529,-29.3247
Rider083,hkih79,83,134.873,15.0577
Rider084,3638q7,84,165.477,-72.0794
Rider085,01adtb,85,117.274,66.7176
Rider086,ocgwvo,86,155.2,-7.76019
Rider087,1iryws,87,29.0547,39.8054
Rider088,nq8awk,88,-166.744,44.2249
Rider089,urisxg,89,-8.37834,-80.5183
Rider090,ewxbiq,90,22.4117,-41.3753
Rider091,y9dto4,91,-3.48076,50.607
Rider092,vb6j8t,92,162.374,15.1275
Rider093,o64zup,93,-130.061,64.1982
Rider094,731lud,94,9.85854,22.4718
Rider095,fqt67r,95,-114.431,-65.4718
Rider096,uidrlq,96,-175.496,-35.4636
Rider097,gp0snn,97,3.07975,-62.0763
Rider098,o6loot,98,56.173,-68.32
Rider099,732i8j,99,-159.07,29.5726
Rider100,xah0df,100,-139.654,22.6996
Rider101,tvqbm6,101,167.612,-68.978
Rider102,ad9xmx,102,110.213,-60.1996
Rider103,edy523,103,24.9819,35.831
Rider104,n6xf7u,104,109.971,76.3812
Rider105,tq6uhx,105,-23.3872,-75.1496
Rider106,ogqxxn,106,113.825,86.0125
Rider107,dwww2b,107,-60.7716,-84.9891
Rider108,2lfck5,108,-91.1818,48.6703
Rider109,yoa8sa,109,42.5116,30.4404
Rider110,btkues,110,-53.4029,-43.7281
Rider111,q7g6aj,111,148.095,-76.3267
Rider112,3pwelf,112,-109.321,21.572
Rider113,7dzope,113,57.8978,33.8622
Rider114,1onj9f,114,-168.512,-50.1112
Rider115,x0hr0u,115,30.9651,44.2282
Rider116,966686,116,-177.327,-45.0434
Rider117,a216jq,117,86.1539,33.8917
Rider118,0gbea3,118,-51.8086,65.6765
Rider119,87kczz,119,-103.982,15.9993
Rider120,660986,120,-24.1247,17.8913
Rider121,nvcyls,121,-15.8783,48.3299
Rider122,2lv3s4,122,105.618,61.6124
Rider123,xcuag5,123,-47.4781,30.5511
Rider124,4j1vcf,124,140.518,-0.890467
Rider125,wcdy2q,125,76.5732,-35.5812
Rider126,n5copk,126,-57.7614,-47.7191
Rider127,hrncxv,127,-146.233,16.3152
Rider128,guwg4k,128,109.084,-79.6224
Rider129,41ul1v,129,18.2355,35.8836
Rider130,5hqq2o,130,-172.022,76.2415
Rider131,misvmw,131,-15.3368,20.8152
Rider132,n2mnzc,132,155.953,-31.1554
Rider133,fkru4f,133,-52.1275,-61.2354
Rider134,z5x4re,134,-9.39,69.5188
Rider135,rqih25,135,-48.8201,36.9237
Rider136,294ej4,136,41.929,26.9637
Rider137,6lgygc,137,166.334,80.1993
Rider138,x4cp1r,138,-121.998,49.9274
Rider139,nohanb,139,-77.8977,-75.4394
Rider140,03mskp,140,76.1507,-54.2596
Rider141,1q6lwk,141,97.5253,-82.8557
Rider142,er1rxc,142,61.2809,86.4504
Rider143,swrre4,143,86.6129,7.8428
Rider144,kfitng,144,-35.6643,54.9862
Rider145,9bm8x3,145,-9.34968,7.78959
Rider146,h89bxi,146,-69.3122,66.4613
Rider147,vavkgg,147,-31.9852,27.0341
Rider148,1tx578,148,-24.2867,20.9661
Rider149,6ilqpn,149,118.536,-41.5165
Rider150,dikp0x,150,-54.3782,-10.1138
Rider151,96tbq5,151,78.4753,8.78471
Rider152,o2w83q,152,-70.2613,-16.8329
Rider153,10ztz0,153,37.2661,82.1248
Rider154,kxp2xj,154,-127.93,64.4922
Rider155,3w8kdp,155,97.9428,38.278
Rider156,bco20f,156,142.456,52.914
Rider157,xnks1o,157,66.5759,16.0109
Rider158,tzwe4t,158,149.374,-79.9339
Rider159,zgvvo7,159,33.5389,56.4053
Rider160,xlmiay,160,-35.8692,-47.9819
Rider161,3f8a57,161,55.8259,-53.1318
Rider162,5r2snx,162,-136.005,46.7661
Rider163,nzabmb,163,42.9468,-11.4965
Rider164,2i2pu3,164,-75.0965,26.5292
Rider165,aotr2h,165,-48.7434,83.3032
Rider166,cp7f4l,166,-13.4247,17.0472
Rider167,azrr7d,167,13.0095,62.7211
Rider168,rx4aik,168,97.1451,0.845924
Rider169,4ajcwp,169,99.4846,-27.5561
Rider170,wevpro,170,9.80972,34.5329
Rider171,ik2i8c,171,125.158,-39.6196
Rider172,kq9g4z,172,-86.7239,-56.9737
Rider173,ka0e0k,173,-36.5427,-14.8215
Rider174,0yyt2r,174,169.167,49.648
Rider175,z6xlmb,175,-157.093,22.4007
Rider176,738rvl,176,-107.842,-35.2043
Rider177,pqz47h,177,82.525,45.6182
Rider178,d9oibq,178,-110.612,-17.2657
Rider179,8z3bl8,179,-96.8066,18.3562
Rider180,h5kcp2,180,-107.331,-42.9814
Rider181,fxffsq,181,25.6815,64.9218
Rider182,kic9pu,182,-110.478,13.279
Rider183,gp35qi,183,-159.334,74.2804
Rider184,7oyyi8,184,78.1772,-67.877
Rider185,mf2exc,185,-54.0097,-47.5124
Rider186,joxwp1,186,-121.72,27.1944
Rider187,inu4gu,187,74.0229,50.1815
Rider188,z5yq9t,188,-75.8441,75.6325
Rider189,m1cmup,189,-54.0139,-71.1692
Rider190,9foald,190,130.466,80.5821
Rider191,c1x0no,191,-116.716,13.702
Rider192,wkwvkl,192,49.1571,-7.58052
Rider193,zr8xsa,193,-141.423,83.2278
Rider194,udlk8i,194,-163.151,-11.8245
Rider195,jentqd,195,102.138,-15.3098
Rider196,xnwhjp,196,-26.8973,22.4805
Rider197,d2k0be,197,171.47,4.76147
Rider198,8n4218,198,124.542,-73.6641
Rider199,ib4fcu,199,117.374,-70.7667
Rider200,cjan09,200,160.541,-20.2207
Rider201,o9lv89,201,132.14,89.1401
Rider202,bdifno,202,30.6321,-57.8417
Rider203,s1teb8,203,-162.628,64.1033
Rider204,vzkvo7,204,-145.54,-29.4616
Rider205,o8xd9a,205,49.1178,59.3518
Rider206,ml0pr6,206,148.688,50.3535
Rider207,87iaq8,207,-82.027,36.4832
Rider208,oprz6z,208,48.1568,-7.63372
Rider209,x8wkvx,209,-49.6981,70.5103
Rider210,h12o8b,210,-0.132029,25.8764
Rider211,15n6yh,211,59.1554,16.0476
Rider212,4wdp0i,212,-62.8951,7.7999
Rider213,mz2iz1,213,90.246,-84.6017
Rider214,cyotj4,214,114.52,43.7761
Rider215,73xx69,215,30.1184,-47.0673
Rider216,4sky2x,216,-5.70306,-57.2054
Rider217,na7zuq,217,-168.203,-16.8791
Rider218,2un35k,218,-28.8366,7.64648
Rider219,sg9iad,219,-47.5796,-41.2979
Rider220,xucbdi,220,-55.6119,2.65416
Rider221,ph9800,221,89.4054,-83.0225
Rider222,khdu5n,222,134.152,-12.9967
Rider223,416zp8,223,-40.1642,62.3858
Rider224,affz9r,224,161.193,26.9505
Rider225,e3msiq,225,86.3336,-72.535
Rider226,i6gv8m,226,48.3505,-16.2741
Rider227,p4897o,227,65.7504,-77.1823
Rider228,2zgqbd,228,-5.23854,-53.0742
Rider229,c35w4a,229,80.2002,-36.1201
Rider230,2usibl,230,86.494,67.556
Rider231,et28zm,231,-156.507,36.5344
Rider232,4o928w,232,102.461,-31.7788
Rider233,aynle9,233,122.932,-56.1876
Rider234,2lny2w,234,177.539,11.8583
Rider235,ka5qx5,235,-108.115,70.5949
Rider236,zsok3x,236,-71.7308,57.5591
Rider237,re4w5k,237,-31.8719,36.533
Rider238,1glf2e,238,-118.195,41.6537
Rider239,15690m,239,-44.4015,-20.3408
Rider240,igz2ys,240,-91.9986,83.391
Rider241,ncddp4,241,-132.147,-81.1964
Rider242,x6mvni,242,-4.78075,63.3965
Rider243,vo8spn,243,80.2062,-81.0778
Rider244,htjl8k,244,-176.915,7.74684
Rider245,97sih7,245,173.802,75.7102
Rider246,ydghqq,246,-135.512,28.7998
Rider247,roq6bp,247,-6.32715,46.527
Rider248,543di2,248,174.523,63.0464
Rider249,vf798v,249,45.3821,13.9022
Rider250,o5hi91,250,24.1753,25.6509
Rider251,un9okw,251,-139.052,-59.367
Rider252,sqtppw,252,-178.787,-41.7542
Rider253,005avf,253,176.738,-75.6878
Rider254,o7umza,254,-117.184,-13.3905
Rider255,ipa7fh,255,-71.9684,67.3823
Rider256,1khsl6,256,-45.2605,-11.6647
Rider257,3vk0x2,257,112.91,-61.9087
Rider258,vd3c1e,258,-39.3149,-17.2706
Rider259,0dyc1n,259,-153.789,63.8832
Rider260,qkm6a9,260,-158.311,-33.9671
Rider261,m0m2kb,261,163.763,-41.6528
Rider262,u9my19,262,2.4646,-9.37455
Rider263,clea9k,263,40.1718,-0.457073
Rider264,atzklu,264,137.838,-47.8785
Rider265,kmtg9c,265,133.116,-69.53
Rider266,kq974u,266,-6.2884,13.6817
Rider267,pr5ts0,267,178.385,41.8659
Rider268,24dpac,268,-130.539,35.7071
Rider269,2yzpfi,269,-127.477,-68.2598
Rider270,ya96an,270,30.2312,-60.1951
Rider271,2svosm,271,-46.711,46.0228
Rider272,e49wx8,272,35.4487,-78.0668
Rider273,ei9blq,273,79.137,49.0949
Rider274,ehn4fa,274,-57.9954,30.7927
Rider275,so4jcd,275,-127.082,77.9179
Rider276,ob7k3u,276,-68.2347,-35.3737
Rider277,x8l8kj,277,-173.879,-79.5281
Rider278,ch3wxi,278,50.0191,60.5112
Rider279,gklfg7,279,162.676,25.4597
Rider280,we2s1u,280,-73.9581,76.0876
Rider281,659512,281,58.3536,-61.1737
Rider282,duoa3r,282,55.2651,-11.9411
Rider283,ybinzg,283,158.399,66.6012
Rider284,agupyc,284,162.47,-64.8594
Rider285,ds8eoo,285,-143.331,52.0078
Rider286,vrjn92,286,-99.736,-0.628061
Rider287,ztiy1u,287,179.156,-25.5996
Rider288,iuwq5s,288,109.384,81.333
Rider289,yudjju,289,-106.009,56.7981
Rider290,gguecq,290,38.5187,34.2762
Rider291,us2kb7,291,19.4297,21.9479
Rider292,1crz8s,292,44.1715,0.113006
Rider293,oddzlm,293,-117.58,62.5095
Rider294,bs5r29,294,156.654,75.688
Rider295,a6ed4k,295,-78.0706,-55.4804
Rider296,3abubl,296,155.56,12.4703
Rider297,877prn,297,-59.2926,76.3946
Rider298,67rxgw,298,-155.207,42.7478
Rider299,j6ekvr,299,-45.1142,39.0961
Rider300,cbcgfr,300,141.988,-75.3866
Rider301,2jfy2q,301,147.868,37.4717
Rider302,9bnlko,302,-126.714,-78.822
Rider303,695yzk,303,-72.3785,-49.6764
Rider304,287aeg,304,-115.792,-84.7986
Rider305,798sd5,305,108.034,73.6167
Rider306,0brrs2,306,-102.422,-59.399
Rider307,fq8kj2,307,14.6427,15.4645
Rider308,rs1nqd,308,-20.9364,-20.6982
Rider309,0zofvl,309,44.2831,-12.7402
Rider310,wjrncp,310,23.947,82.5268
Rider311,mpabwq,311,-58.9589,-73.4364
Rider312,rkev01,312,15.8846,37.7626
Rider313,v22i78,313,149.025,-23.9606
Rider314,2k9zix,314,89.4726,-8.28699
Rider315,ekv0v7,315,139.999,73.2991
Rider316,q9hgbl,316,4.14228,29.062
Rider317,ayxwba,317,118.398,18.2526
Rider318,0i9k2x,318,-58.3145,26.0693
Rider319,g3diei,319,-67.2162,72.0557
Rider320,0kxnpq,320,-22.85,52.959
Rider321,7czg4s,321,-55.1431,-54.3677
Rider322,oe9fvl,322,76.5142,-16.6171
Rider323,781z9q,323,-153.383,35.3178
Rider324,7d1hta,324,139.104,-77.285
Rider325,trkcd6,325,45.4437,78.567
Rider326,qshhb3,326,116.111,-63.5782
Rider327,izjmps,327,67.6979,-70.4009
Rider328,zldknt,328,-112.515,65.9023
Rider329,vpevq5,329,-115.657,-29.6857
Rider330,qske81,330,-141.741,82.9301
Rider331,rua19w,331,11.6504,-55.4368
Rider332,llo3h6,332,11.4329,-74.1178
Rider333,qrnw7a,333,-10.0146,-84.9909
Rider334,htazi3,334,129.727,-22.6741
Rider335,i59ncf,335,-145.294,57.8919
Rider336,xaym8b,336,58.3505,-79.9686
Rider337,16wum0,337,88.3853,65.086
Rider338,v64rye,338,-73.5776,29.4691
Rider339,zh8ugn,339,-81.3001,5.03361
Rider340,5tjk8i,340,-26.4907,13.381
Rider341,piro2k,341,128.768,-83.296
Rider342,xz5hzb,342,-67.8674,32.9793
Rider343,021dn3,343,-7.48845,48.5303
Rider344,qxlvgo,344,-126.685,-89.7154
Rider345,ijrg1l,345,-13.9438,-55.9139
Rider346,e9rv21,346,167.36,8.02046
Rider347,6k067g,347,35.7437,-53.2901
Rider348,q8e0ds,348,87.4196,59.6162
Rider349,k7csk0,349,-36.0212,68.4652
Rider350,zh20r6,350,-111.883,9.85576
Rider351,64zh0a,351,-22.611,-49.6333
Rider352,96wjvc,352,-90.4773,67.983
Rider353,t0zu0t,353,-104.31,-30.8089
Rider354,3lfy1f,354,1.20321,-80.3135
Rider355,gaexyu,355,-119.81,-56.3283
Rider356,fhejp0,356,-71.2013,-89.7875
Rider357,i8jcjj,357,-162.078,21.7593
Rider358,6e62mq,358,167.659,69.4257
Rider359,oigps0,359,-71.9639,86.5165
Rider360,5v67oc,360,-135.088,-36.7539
Rider361,b7xfl3,361,-169.993,63.085
Rider362,n2rbab,362,10.7214,-60.4522
Rider363,rpchqu,363,179.288,-34.6485
Rider364,k7h8vn,364,-133.225,47.2657
Rider365,ym3h4i,365,-46.9614,68.0817
Rider366,duj1dk,366,122.619,66.939
Rider367,og90tz,367,-119.411,-55.0605
Rider368,7rmsfw,368,158.711,-87.3266
Rider369,u3mmj6,369,98.8223,48.2873
Rider370,n7r2k5,370,-136.664,-11.721
Rider371,2vbwks,371,87.3309,-86.5046
Rider372,bcq4cp,372,-176.815,51.6904
Rider373,9deery,373,1.98799,-17.5073
Rider374,rfz51l,374,19.4314,-9.32223
Rider375,20mpkp,375,-52.214,-38.3634
Rider376,g402og,376,-69.0432,-56.9572
Rider377,t66fpi,377,143.319,80.3598
Rider378,f4ypt6,378,-90.9232,-69.9796
Rider379,qeq6pd,379,-21.7205,2.3692
Rider380,5naixc,380,142.143,-63.4551
Rider381,l0kbpp,381,110.498,-17.8591
Rider382,w6zi37,382,-142.326,21.3016
Rider383,vc6rw2,383,-60.612,-80.0276
Rider384,1pc19c,384,88.9128,-47.8047
Rider385,6y19to,385,-151.614,78.7237
Rider386,oblbn9,386,-144.992,-64.7185
Rider387,090bpm,387,79.7491,-81.5969
Rider388,fuhm2a,388,-99.1466,60.2283
Rider389,qp59ld,389,-101.766,-82.4986
Rider390,a35u00,390,-142.941,68.7309
Rider391,oketsw,391,-51.4156,-45.4503
Rider392,qsetf5,392,118.533,-62.6557
Rider393,cu096d,393,-105.945,-36.4842
Rider394,fb7j1z,394,32.3854,74.0512
Rider395,q9ay0r,395,158.892,-23.8964
Rider396,x4li8a,396,-15.1806,-83.6724
Rider397,vq4ccv,397,-171.894,71.7019
Rider398,bzg217,398,-111.257,-64.8677
Rider399,ja612b,399,-67.9248,64.0504
Rider400,ei0hd4,400,166.957,-5.42182
Rider401,q324c5,401,141.054,-68.8595
Rider402,eei2he,402,41.6169,70.6442
Rider403,34sf1z,403,6.45721,-83.9325
Rider404,zbxlmc,404,129.734,74.9755
Rider405,9sj3tq,405,-154.403,-7.35798
Rider406,op9cmn,406,31.8655,0.0814628
Rider407,dogoy6,407,-119.391,-84.4207
Rider408,dzu6ux,408,66.5731,-55.8875
Rider409,uhfcb8,409,-1.2343,-46.3845
Rider410,4hx6aq,410,125.552,-60.0484
Rider411,74w3h0,411,-154.292,-89.3539
Rider412,9fprnr,412,12.4152,-44.7968
Rider413,l8kkfh,413,153.162,22.8872
Rider414,evp8bs,414,170.066,-31.4842
Rider415,oh08a1,415,76.4865,8.08381
Rider416,yfvwef,416,-52.2671,58.3851
Rider417,79p7k9,417,-150.56,-82.4542
Rider418,hxq1cv,418,-139.362,14.3956
Rider419,pf3a46,419,-62.3658,-34.4548
Rider420,8z61ai,420,-34.5255,-19.4493
Rider421,8vh633,421,-141.191,8.29457
Rider422,4ozr8z,422,-110.524,-21.8688
Rider423,90nyyl,423,-111.178,44.3097
Rider424,udrpny,424,168.606,12.3759
Rider425,jzk5mi,425,-99.1293,59.8915
Rider426,75egio,426,-137.222,-33.1333
Rider427,jnrm11,427,-93.7421,-44.7157
Rider428,qaxira,428,107.25,0.659977
Rider429,kk8c2t,429,33.7302,69.0806
Rider430,f4vmcn,430,83.2679,-42.7351
Rider431,njq4mu,431,68.652,-56.4687
Rider432,2uk3um,432,18.8019,73.8895
Rider433,i3kzau,433,-17.3675,86.7821
Rider434,tojwf0,434,47.6852,7.52919
Rider435,dxi37l,435,164.534,85.4873
Rider436,adpgcz,436,96.4168,51.6352
Rider437,b1nk2u,437,-174.849,-89.2136
Rider438,k8o97z,438,-53.6667,70.5312
Rider439,jqszla,439,-158.525,-4.85884
Rider440,0uluex,440,93.639,-8.4119
Rider441,cm09d6,441,-49.0224,-42.9091
Rider442,xyxsmt,442,-40.5447,-71.8777
Rider443,0tvyhk,443,6.54167,16.7364
Rider444,jspmxn,444,102.895,62.1647
Rider445,0xwnlm,445,-70.3261,32.2897
Rider446,w69l4n,446,-36.5887,-20.6165
Rider447,wcos3c,447,-11.3566,81.4343
Rider448,jq9azh,448,-78.1671,-64.4162
Rider449,ymtrj4,449,62.2874,67.9228
Rider450,8mi78y,450,173.984,44.3996
Rider451,7lc4f9,451,28.9728,41.0173
Rider452,36g2f1,452,-126.213,33.6029
Rider453,4oaca7,453,-85.4771,-53.3229
Rider454,dxh1sh,454,-166.793,-27.8326
Rider455,k1pr2x,455,15.6005,-5.40433
Rider456,lzk1j8,456,20.9858,82.2809
Rider457,3iubcs,457,3.43524,-81.6427
Rider458,zu5b24,458,-38.443,12.4455
Rider459,klibzj,459,48.7255,43.7112
Rider460,26tmim,460,173.758,-83.2739
Rider461,csvnh5,461,60.6565,-12.1778
Rider462,fus79v,462,-135.297,-67.3219
Rider463,jfixio,463,32.3078,40.4203
Rider464,eown94,464,70.7163,52.0699
Rider465,d6fxko,465,-100.818,-18.7206
Rider466,xubfbn,466,121.584,5.46058
Rider467,sbwrh0,467,13.9996,33.0937
Rider468,54q0ad,468,87.0977,-25.4231
Rider469,cnl8v0,469,167.745,-81.5902
Rider470,b8e8ec,470,-122.261,56.256
Rider471,vbuwe4,471,152.725,57.7863
Rider472,gowilf,472,172.032,63.4329
Rider473,bcpcrw,473,-95.5968,-57.6562
Rider474,3fswfs,474,-37.775,31.9441
Rider475,iawgs3,475,102.933,26.8194
Rider476,imbzg3,476,-165.608,-27.0379
Rider477,vq9liz,477,-74.3924,-87.2059
Rider478,ngfk6h,478,151.216,-0.242549
Rider479,90jpxg,479,172.284,-80.5741
Rider480,rks9x0,480,7.84276,33.1457
Rider481,ypxor3,481,-65.3564,-9.52193
Rider482,eahdky,482,86.0152,-27.7121
Rider483,5yy7vf,483,162.488,-56.3038
Rider484,s6iin3,484,54.246,-23.7068
Rider485,4oq0lh,485,34.1864,-43.5735
Rider486,c6wfkr,486,-16.1356,-83.2273
Rider487,4ey7qr,487,148.824,79.0909
Rider488,1e631v,488,-86.4468,-79.0231
Rider489,e3nrmi,489,30.1383,1.52416
Rider490,y6e8j0,490,-128.029,30.7975
Rider491,4qpwzb,491,-1.18203,-55.5079
Rider492,rx0qtf,492,48.0196,33.3815
Rider493,yew3oe,493,120.592,-15.7873
Rider494,ojvuog,494,4.92806,19.9365
Rider495,civzjw,495,47.5666,53.6962
Rider496,sywy2g,496,60.7453,13.2545
Rider497,kh8t7i,497,-47.6423,-34.8754
Rider498,c76m45,498,68.5855,-64.4311
Rider499,oosh19,499,-22.5239,84.2668
Rider500,0d4h89,500,13.199,53.8567
illiyin,123,501,45,67.6
